<?xml version="1.0" encoding="UTF-8"?>
<project-private xmlns="http://www.netbeans.org/ns/project-private/1">
    <editor-bookmarks xmlns="http://www.netbeans.org/ns/editor-bookmarks/2" lastBookmarkId="0"/>
    <open-files xmlns="http://www.netbeans.org/ns/projectui-open-files/2">
        <group>
            <file>file:/D:/AIUB/15-28958-1/Hospital_Management/Hospital_Management/src/hospital_management/AppointmentList.java</file>
            <file>file:/D:/AIUB/15-28958-1/Hospital_Management/Hospital_Management/src/hospital_management/AdminSite.java</file>
            <file>file:/D:/AIUB/15-28958-1/Hospital_Management/Hospital_Management/src/hospital_management/DoctorSite.java</file>
        </group>
    </open-files>
</project-private>
